Date,Impressions,Clicks,Conversions,Cost,CPC,Revenue,Sale Amount,P&L,Ad Format,User Device,Promotion Type,CTR,CR,CPC.1,Revenue per Impression,ROI,CPA,CPM,Revenue per Click,Profit Margin
7/1/2023,9812,1008,42,413,0.41,202,4242.7,-210.844,Precise,Mobile,Sale,0.1,0.04,9.83,0.02,-0.51,9.83,42.09,0.2,-1.04
7/1/2023,1070,263,25,209,1,205,4341,-3,Precise,Mobile,Offer,0,0,9,0,0,8,210,1,0
7/1/2023,9950,4283,347,2637,0.62,2038,46026.32,-598.993,Square,Mobile,Discount Code,0.43,0.08,7.6,0.2,-0.23,7.6,265.03,0.48,-0.29
7/1/2023,46507,21756,1665,13157,0.6,8550,185824.49,-4606.713,Square,Mobile,Discount Code,0.47,0.08,7.9,0.18,-0.35,7.9,282.9,0.39,-0.54
7/1/2023,490,115,26,221,1.92,149,3058.02,-71.829,Precise,Desktop,Offer,0.23,0.23,8.5,0.3,-0.33,8.5,451.02,1.3,-0.48
7/1/2023,55,11,2,5,0.51,16,313.5,10.675,Broad Match,Mobile,Competitor,0.2,0.18,2.5,0.29,2.2,2.5,90.91,1.45,0.69
7/1/2023,6112,1474,60,809,1,327,6660,-521,Precise,Mobile,Discount Code,0,0,14,0,-1,14,134,0,-2
7/1/2023,721,195,25,188,0.97,188,3853.27,0.184,Precise,Desktop,Competitor,0.27,0.13,7.52,0.26,0,7.52,260.75,0.96,0
7/1/2023,5919,1954,408,2396,1.23,2400,50958.58,3.585,Broad Match,Desktop,Promotion Code,0.33,0.21,5.87,0.41,0,5.87,404.8,1.23,0
7/1/2023,1062,147,13,135,0.92,67,1682.55,-68.055,Broad Match,Desktop,Discount Code,0.14,0.09,10.38,0.06,-0.5,10.38,127.12,0.46,-1.01
7/1/2023,26185,10418,2294,13278,1.27,13042,284823.48,-235.921,Square,Desktop,Promotion Code,0.4,0.22,5.79,0.5,-0.02,5.79,507.08,1.25,-0.02
7/1/2023,36,5,2,5,1.05,13,261.4,8.07,Broad Match,Desktop,Competitor,0.14,0.4,2.5,0.36,1.6,2.5,138.89,2.6,0.62
7/1/2023,6318,598,46,416,0.7,278,5552.73,-138.325,Precise,Desktop,Sale,0.09,0.08,9.04,0.04,-0.33,9.04,65.84,0.46,-0.5
7/1/2023,808,282,61,391,1.39,337,7717.77,-53.604,Square,Desktop,Promotion Code,0.35,0.22,6.41,0.42,-0.14,6.41,483.91,1.2,-0.16
7/1/2023,9838,3509,282,2562,0.73,1836,41275.06,-725.722,Broad Match,Mobile,Promotion Code,0.36,0.08,9.09,0.19,-0.28,9.09,260.42,0.52,-0.4
7/1/2023,1765,251,4,145,1,21,411,-113,Broad Match,Mobile,Discount Code,0,0,33,0,-1,33,77,0,-6
7/1/2023,8373,605,32,427,1,240,4518,-189,Broad Match,Desktop,Sale,0,0,12,0,0,13,53,0,-1
7/1/2023,1875,706,69,485,0.69,409,8946.99,-75.734,Square,Mobile,Promotion Code,0.38,0.1,7.03,0.22,-0.16,7.03,258.67,0.58,-0.19
7/1/2023,27672,9335,478,4105,0.44,2783,62357.68,-1321.609,Precise,Mobile,Coupon Code,0.34,0.05,8.59,0.1,-0.32,8.59,148.34,0.3,-0.48
7/1/2023,57373,27121,2940,16946,0.62,14565,321387.88,-2380.616,Square,Mobile,Promotion Code,0.47,0.11,5.76,0.25,-0.14,5.76,295.37,0.54,-0.16
7/1/2023,17771,6635,590,4404,0.66,3444,78127.29,-959.718,Precise,Mobile,Promotion Code,0.37,0.09,7.46,0.19,-0.22,7.46,247.82,0.52,-0.28
7/1/2023,881,272,15,63,0.23,22,507.9,-40.58,Precise,Mobile,Free Shipping,0.31,0.06,4.2,0.02,-0.65,4.2,71.51,0.08,-1.86
7/1/2023,16038,6504,1166,6669,1.03,6402,136770.05,-267.086,Square,Desktop,Discount Code,0.41,0.18,5.72,0.4,-0.04,5.72,415.82,0.98,-0.04
7/1/2023,3635,1458,248,1606,1.1,1723,39165.46,117.136,Square,Desktop,Discount Code,0.4,0.17,6.48,0.47,0.07,6.48,441.82,1.18,0.07
7/1/2023,656,168,29,65,0.39,84,2097.29,19.218,Precise,Desktop,Free Shipping,0.26,0.17,2.24,0.13,0.29,2.24,99.09,0.5,0.23
7/1/2023,8180,593,34,426,0.72,232,4631.94,-194.385,Broad Match,Desktop,Sale,0.07,0.06,12.53,0.03,-0.46,12.53,52.08,0.39,-0.84
7/1/2023,593,109,3,52,0.49,8,168.54,-43.571,Broad Match,Mobile,Offer,0.18,0.03,17.33,0.01,-0.85,17.33,87.69,0.07,-5.5
7/1/2023,8053,2678,392,2814,1.05,2475,56017.16,-338.63,Precise,Desktop,Coupon Code,0.33,0.15,7.18,0.31,-0.12,7.18,349.43,0.92,-0.14
7/1/2023,389,54,10,58,1.09,63,1264.52,5.229,Broad Match,Desktop,Offer,0.14,0.19,5.8,0.16,0.09,5.8,149.1,1.17,0.08
7/1/2023,7366,2693,536,3469,1.29,3089,68146.26,-380.31,Precise,Desktop,Promotion Code,0.37,0.2,6.47,0.42,-0.11,6.47,470.95,1.15,-0.12
7/1/2023,1771,594,34,272,0.46,177,3576.13,-95.428,Precise,Mobile,Competitor,0.34,0.06,8,0.1,-0.35,8,153.59,0.3,-0.54
7/1/2023,6278,1506,59,817,0.54,313,6420.67,-504.332,Precise,Mobile,Discount Code,0.24,0.04,13.85,0.05,-0.62,13.85,130.14,0.21,-1.61
7/1/2023,66,8,0,3,0.48,0,0,-3,Broad Match,Desktop,Free Shipping,0.12,0,0,0,0,0,45.45,0,0
7/1/2023,17807,2054,35,981,0.48,262,5531.15,-718.568,Broad Match,Mobile,Sale,0.12,0.02,28.03,0.01,-0.73,28.03,55.09,0.13,-2.74
7/1/2023,1029,256,24,212,0.83,208,4425.49,-3.509,Precise,Mobile,Offer,0.25,0.09,8.83,0.2,-0.02,8.83,206.03,0.81,-0.02
7/1/2023,6578,606,48,409,1,281,5510,-140,Precise,Desktop,Sale,0,0,9,0,0,9,69,0,0
7/1/2023,152394,59177,2666,19371,0.33,13699,294536.92,-5672.271,Square,Mobile,Promotion Code,0.39,0.05,7.27,0.09,-0.29,7.27,127.11,0.23,-0.41
7/1/2023,18457,6762,380,3660,0.54,2262,49153.07,-1397.734,Broad Match,Mobile,Coupon Code,0.37,0.06,9.63,0.12,-0.38,9.63,198.3,0.33,-0.62
7/1/2023,2181,539,70,577,1.07,449,10689.01,-128.102,Precise,Desktop,Discount Code,0.25,0.13,8.24,0.21,-0.22,8.24,264.56,0.83,-0.29
7/1/2023,36462,14367,2188,13746,0.96,13262,283215.21,-483.951,Square,Desktop,Promotion Code,0.39,0.15,6.28,0.36,-0.04,6.28,377,0.92,-0.04
7/1/2023,1813,264,4,138,0.53,21,419.62,-117.017,Broad Match,Mobile,Discount Code,0.15,0.02,34.5,0.01,-0.85,34.5,76.12,0.08,-5.57
7/1/2023,118,15,0,6,0.4,0,0,-6,Broad Match,Mobile,Free Shipping,0.13,0,0,0,0,0,50.85,0,0
7/1/2023,9751,3402,579,3792,1.11,3547,75564.22,-244.797,Broad Match,Desktop,Coupon Code,0.35,0.17,6.55,0.36,-0.06,6.55,388.88,1.04,-0.07
7/1/2023,670,164,30,68,0,88,2201,19,Precise,Desktop,Free Shipping,0,0,2,0,0,2,98,0,0
8/1/2023,19648,7673,1622,11235,1.46,9928,216628.45,-1307.273,Square,Desktop,Promotion Code,0.39,0.21,6.93,0.51,-0.12,6.93,571.81,1.29,-0.13
8/1/2023,111,27,0,8,0.3,0,0,-8,Broad Match,Mobile,Free Shipping,0.24,0,0,0,0,0,72.07,0,0
8/1/2023,28499,10141,1509,10586,1.04,8859,192105.72,-1727.135,Square,Desktop,Promotion Code,0.36,0.15,7.02,0.31,-0.16,7.02,371.45,0.87,-0.19
8/1/2023,16969,5126,340,2176,0.42,1992,44234.46,-184.295,Precise,Mobile,Coupon Code,0.3,0.07,6.4,0.12,-0.08,6.4,128.23,0.39,-0.09
8/1/2023,34189,13905,1218,8146,0.59,6766,148681.16,-1380.324,Square,Mobile,Discount Code,0.41,0.09,6.69,0.2,-0.17,6.69,238.26,0.49,-0.2
8/1/2023,1113,333,14,142,0.43,76,1876.34,-65.527,Precise,Mobile,Competitor,0.3,0.04,10.14,0.07,-0.46,10.14,127.58,0.23,-0.87
8/1/2023,1489,472,61,347,0.74,295,6494.87,-52.103,Square,Mobile,Promotion Code,0.32,0.13,5.69,0.2,-0.15,5.69,233.04,0.62,-0.18
8/1/2023,7044,947,35,401,0.42,285,5960.76,-116.499,Broad Match,Mobile,Sale,0.13,0.04,11.46,0.04,-0.29,11.46,56.93,0.3,-0.41
8/1/2023,6733,646,39,498,1,234,5191,-253,Broad Match,Desktop,Sale,0,0,13,0,0,13,73,0,-1
8/1/2023,3884,565,27,229,0.41,173,3888.51,-55.92,Precise,Mobile,Sale,0.15,0.05,8.48,0.04,-0.24,8.48,58.96,0.31,-0.32
8/1/2023,50,13,3,6,0.53,41,822.51,35.132,Broad Match,Mobile,Competitor,0.26,0.23,2,0.82,5.83,2,120,3.15,0.85
8/1/2023,689,172,13,89,0.52,57,1226.22,-31.685,Broad Match,Mobile,Offer,0.25,0.08,6.85,0.08,-0.36,6.85,129.17,0.33,-0.56
8/1/2023,7382,2438,208,1391,1,1437,32961,-57,Broad Match,Mobile,Promotion Code,0,0,7,0,0,7,213,1,0
8/1/2023,1303,233,9,111,0.48,51,1025.91,-59.699,Broad Match,Mobile,Discount Code,0.18,0.04,12.33,0.04,-0.54,12.33,85.19,0.22,-1.18
8/1/2023,597,157,23,156,1,178,3371,12,Precise,Desktop,Competitor,0,0,7,0,0,7,270,1,0
8/1/2023,613,163,39,329,2.02,274,5752.61,-54.539,Precise,Desktop,Offer,0.27,0.24,8.44,0.45,-0.17,8.44,536.7,1.68,-0.2
8/1/2023,7040,2407,214,1430,0.59,1373,31563.25,-56.691,Broad Match,Mobile,Promotion Code,0.34,0.09,6.68,0.2,-0.04,6.68,203.12,0.57,-0.04
8/1/2023,6867,930,37,384,0,274,6006,-112,Broad Match,Mobile,Sale,0,0,12,0,0,11,58,0,0
8/1/2023,67,8,1,6,0.81,0,5.96,-5.702,Broad Match,Desktop,Free Shipping,0.12,0.12,6,0,-1,6,89.55,0,#NAME?
8/1/2023,105966,32005,1530,10713,0.33,8473,185757.89,-2240.076,Square,Mobile,Promotion Code,0.3,0.05,7,0.08,-0.21,7,101.1,0.26,-0.26
8/1/2023,2834,1136,193,1506,1,1216,27341,-355,Square,Desktop,Discount Code,0,0,8,0,0,8,553,1,0
8/1/2023,1073,155,15,170,1,89,1996,-73,Broad Match,Desktop,Discount Code,0,0,11,0,0,10,148,1,-1
8/1/2023,2263,556,74,627,1.13,516,11853.27,-111.385,Precise,Desktop,Discount Code,0.25,0.13,8.47,0.23,-0.18,8.47,277.07,0.93,-0.22
8/1/2023,35,3,0,1,0.62,0,0,-1,Broad Match,Desktop,Competitor,0.09,0,0,0,0,0,28.57,0,0
8/1/2023,745,240,52,343,1.43,346,7835.88,3.171,Square,Desktop,Promotion Code,0.32,0.22,6.6,0.46,0.01,6.6,460.4,1.44,0.01
8/1/2023,6349,2384,484,3388,2,3317,74926,-150,Precise,Desktop,Promotion Code,0,0,7,1,0,7,550,1,0
8/1/2023,591,153,24,161,1.05,173,3503.52,12.192,Precise,Desktop,Competitor,0.26,0.16,6.71,0.29,0.07,6.71,272.42,1.13,0.07
8/1/2023,3070,1137,191,1504,1,1231,28403,-386,Square,Desktop,Discount Code,0,0,8,0,0,8,521,1,0
8/1/2023,3973,933,52,406,0.44,470,11817.23,64.046,Precise,Mobile,Discount Code,0.23,0.06,7.81,0.12,0.16,7.81,102.19,0.5,0.14
8/1/2023,5283,1632,226,1767,1.08,1455,33678.17,-312.263,Broad Match,Desktop,Coupon Code,0.31,0.14,7.82,0.28,-0.18,7.82,334.47,0.89,-0.21
8/1/2023,6244,2020,327,2267,1.12,2115,51885.05,-151.631,Precise,Desktop,Coupon Code,0.32,0.16,6.93,0.34,-0.07,6.93,363.07,1.05,-0.07
8/1/2023,4729,1635,315,2229,1.36,2010,44479.12,-218.804,Broad Match,Desktop,Promotion Code,0.35,0.19,7.08,0.43,-0.1,7.08,471.35,1.23,-0.11
8/1/2023,5260,1710,226,1724,1,1406,34946,-298,Broad Match,Desktop,Coupon Code,0,0,8,0,0,8,337,1,0
8/1/2023,40627,17655,1968,12262,0.69,10303,230817.79,-1958.963,Square,Mobile,Promotion Code,0.43,0.11,6.23,0.25,-0.16,6.23,301.82,0.58,-0.19
8/1/2023,986,248,24,177,0.71,162,3563.44,-14.789,Precise,Mobile,Offer,0.25,0.1,7.38,0.16,-0.08,7.38,179.51,0.65,-0.09
8/1/2023,8203,2504,146,1148,0.46,851,19110.69,-297.275,Broad Match,Mobile,Coupon Code,0.31,0.06,7.86,0.1,-0.26,7.86,139.95,0.34,-0.35
8/1/2023,13488,4605,435,2884,0.63,2678,60074.53,-205.997,Precise,Mobile,Promotion Code,0.34,0.09,6.63,0.2,-0.07,6.63,213.82,0.58,-0.08
8/1/2023,2938,1111,197,1571,1.41,1203,27608.55,-368.016,Square,Desktop,Discount Code,0.38,0.18,7.97,0.41,-0.23,7.97,534.72,1.08,-0.31
8/1/2023,817,274,19,68,0.25,29,650.73,-39.016,Precise,Mobile,Free Shipping,0.34,0.07,3.58,0.04,-0.57,3.58,83.23,0.11,-1.34
8/1/2023,12790,4983,897,6123,1.23,5590,123475.45,-532.537,Square,Desktop,Discount Code,0.39,0.18,6.83,0.44,-0.09,6.83,478.73,1.12,-0.1
8/1/2023,7544,2523,216,1590,0.63,1591,35605.11,1.36,Square,Mobile,Discount Code,0.33,0.09,7.36,0.21,0,7.36,210.76,0.63,0
8/1/2023,6561,2328,498,3467,1.49,3316,78661,-150.503,Precise,Desktop,Promotion Code,0.35,0.21,6.96,0.51,-0.04,6.96,528.43,1.42,-0.05
8/1/2023,19619,7759,1621,11106,1,9873,226075,-1279,Square,Desktop,Promotion Code,0,0,7,0,0,7,569,1,0
8/1/2023,3187,341,20,273,0.8,162,3395.73,-110.746,Precise,Desktop,Sale,0.11,0.06,13.65,0.05,-0.41,13.65,85.66,0.48,-0.69
8/1/2023,618,149,25,182,1.23,106,2205.34,-76.222,Broad Match,Desktop,Offer,0.24,0.17,7.28,0.17,-0.42,7.28,294.5,0.71,-0.72
8/1/2023,6770,629,37,486,0.77,240,5356.52,-245.86,Broad Match,Desktop,Sale,0.09,0.06,13.14,0.04,-0.51,13.14,71.79,0.38,-1.02
8/1/2023,69,8,1,6,1,0,6,-6,Broad Match,Desktop,Free Shipping,0,0,6,0,-1,6,92,0,#NAME?
8/1/2023,1088,159,15,163,1.03,87,1955.08,-76.294,Broad Match,Desktop,Discount Code,0.15,0.09,10.87,0.08,-0.47,10.87,149.82,0.55,-0.87
8/1/2023,678,163,28,76,0.47,70,1509.18,-6.11,Precise,Desktop,Free Shipping,0.24,0.17,2.71,0.1,-0.08,2.71,112.09,0.43,-0.09
9/1/2023,10938,4247,343,2486,0.59,2410,57157.19,-76.263,Precise,Mobile,Promotion Code,0.39,0.08,7.25,0.22,-0.03,7.25,227.28,0.57,-0.03
9/1/2023,810,123,17,134,1.09,121,2514.88,-12.744,Broad Match,Desktop,Discount Code,0.15,0.14,7.88,0.15,-0.1,7.88,165.43,0.98,-0.11
9/1/2023,2018,621,45,373,0.6,308,6807.69,-65.172,Broad Match,Mobile,Offer,0.31,0.07,8.29,0.15,-0.17,8.29,184.84,0.5,-0.21
9/1/2023,5471,2169,170,1302,0.6,1153,25744.04,-149.243,Square,Mobile,Discount Code,0.4,0.08,7.66,0.21,-0.11,7.66,237.98,0.53,-0.13
9/1/2023,1077,368,14,164,0.45,67,1430.86,-96.952,Precise,Mobile,Competitor,0.34,0.04,11.71,0.06,-0.59,11.71,152.27,0.18,-1.45
9/1/2023,1848,447,28,217,0.49,179,3765.3,-38.448,Broad Match,Mobile,Discount Code,0.24,0.06,7.75,0.1,-0.18,7.75,117.42,0.4,-0.21
9/1/2023,628,148,21,240,1.62,202,4050.38,-37.973,Precise,Desktop,Offer,0.24,0.14,11.43,0.32,-0.16,11.43,382.17,1.36,-0.19
9/1/2023,6231,2152,143,1096,0.51,947,20744.22,-149.269,Broad Match,Mobile,Coupon Code,0.35,0.07,7.66,0.15,-0.14,7.66,175.89,0.44,-0.16
9/1/2023,4224,1181,54,519,0.44,327,6664.23,-192.354,Precise,Mobile,Discount Code,0.28,0.05,9.61,0.08,-0.37,9.61,122.87,0.28,-0.59
9/1/2023,548,200,39,279,1.4,251,5241.81,-28.119,Square,Desktop,Promotion Code,0.36,0.2,7.15,0.46,-0.1,7.15,509.12,1.25,-0.11
9/1/2023,8902,661,25,216,0.33,173,4259.42,-42.99,Precise,Mobile,Sale,0.07,0.04,8.64,0.02,-0.2,8.64,24.26,0.26,-0.25
9/1/2023,1288,340,20,239,0.7,143,2960.84,-96.196,Precise,Mobile,Offer,0.26,0.06,11.95,0.11,-0.4,11.95,185.56,0.42,-0.67
9/1/2023,32462,14427,1510,9562,0.66,8838,196210.87,-724.153,Square,Mobile,Promotion Code,0.44,0.1,6.33,0.27,-0.08,6.33,294.56,0.61,-0.08
9/1/2023,20879,8135,1034,8069,0.99,6153,132508.12,-1915.53,Square,Desktop,Promotion Code,0.39,0.13,7.8,0.29,-0.24,7.8,386.46,0.76,-0.31
9/1/2023,9827,3727,577,4885,1,4091,87801,-1013,Square,Desktop,Discount Code,0,0,8,0,0,9,524,1,0
9/1/2023,499,116,14,52,0.45,74,2728.4,21.998,Precise,Desktop,Free Shipping,0.23,0.12,3.71,0.15,0.42,3.71,104.21,0.64,0.3
9/1/2023,5304,1702,216,1912,1.12,1451,34236.93,-461.198,Precise,Desktop,Coupon Code,0.32,0.13,8.85,0.27,-0.24,8.85,360.48,0.85,-0.32
9/1/2023,1803,442,28,215,1,171,3701,-38,Broad Match,Mobile,Discount Code,0,0,8,0,0,8,115,0,0
9/1/2023,5480,2003,371,2984,1.49,3013,73096.84,29.101,Precise,Desktop,Promotion Code,0.37,0.19,8.04,0.55,0.01,8.04,544.53,1.5,0.01
9/1/2023,6410,528,27,409,1,161,3282,-251,Broad Match,Desktop,Sale,0,0,15,0,-1,15,61,0,-2
9/1/2023,6314,526,26,400,0.76,157,3144.2,-242.776,Broad Match,Desktop,Sale,0.08,0.05,15.38,0.02,-0.61,15.38,63.35,0.3,-1.55
9/1/2023,38,2,0,1,0.57,0,0,-1,Broad Match,Desktop,Competitor,0.05,0,0,0,0,0,26.32,0,0
9/1/2023,40,2,0,1,1,0,0,-1,Broad Match,Desktop,Competitor,0,0,0,0,0,0,26,0,0
9/1/2023,25760,12189,935,6528,1,5713,120973,-1011,Square,Mobile,Discount Code,0,0,8,0,0,7,247,0,0
9/1/2023,788,128,17,128,1,116,2540,-12,Broad Match,Desktop,Discount Code,0,0,8,0,0,8,170,1,0
9/1/2023,514,123,16,130,1.06,110,2197.05,-20.139,Precise,Desktop,Competitor,0.24,0.13,8.12,0.21,-0.15,8.12,252.92,0.89,-0.18
9/1/2023,2163,866,139,1165,1.35,1073,24921.42,-92.089,Square,Desktop,Discount Code,0.4,0.16,8.38,0.5,-0.08,8.38,538.6,1.24,-0.09
9/1/2023,802,124,17,139,1,116,2579,-12,Broad Match,Desktop,Discount Code,0,0,8,0,0,8,157,1,0
9/1/2023,1498,377,55,546,1.45,303,6071.61,-242.84,Broad Match,Desktop,Offer,0.25,0.15,9.93,0.2,-0.45,9.93,364.49,0.8,-0.8
9/1/2023,90806,40622,1421,10904,0.27,7891,170418.87,-3012.91,Square,Mobile,Promotion Code,0.45,0.03,7.67,0.09,-0.28,7.67,120.08,0.19,-0.38
9/1/2023,95,22,0,6,0,0,0,-6,Broad Match,Mobile,Free Shipping,0,0,0,0,0,0,64,0,0
9/1/2023,10634,4404,349,2444,1,2485,55477,-73,Precise,Mobile,Promotion Code,0,0,7,0,0,8,227,1,0
9/1/2023,3255,1077,166,1413,1.31,1391,35526.39,-22.432,Broad Match,Desktop,Coupon Code,0.33,0.15,8.51,0.43,-0.02,8.51,434.1,1.29,-0.02
9/1/2023,26710,11918,921,6628,0.56,5604,124194.91,-1023.587,Square,Mobile,Discount Code,0.45,0.08,7.2,0.21,-0.15,7.2,248.15,0.47,-0.18
9/1/2023,9989,1176,43,574,0.49,249,4979.44,-325.007,Precise,Desktop,Sale,0.12,0.04,13.35,0.02,-0.57,13.35,57.46,0.21,-1.31
9/1/2023,54,9,1,4,0.45,1,28.93,-2.553,Broad Match,Mobile,Competitor,0.17,0.11,4,0.02,-0.75,4,74.07,0.11,-3
9/1/2023,1650,432,48,457,1.06,406,9718.82,-50.676,Precise,Desktop,Discount Code,0.26,0.11,9.52,0.25,-0.11,9.52,276.97,0.94,-0.13
9/1/2023,6444,593,27,231,0.39,221,5500.5,-9.519,Broad Match,Mobile,Sale,0.09,0.05,8.56,0.03,-0.04,8.56,35.85,0.37,-0.05
9/1/2023,52,4,1,1,0.43,20,678,19.34,Broad Match,Desktop,Free Shipping,0.08,0.25,1,0.38,19,1,19.23,5,0.95
9/1/2023,98,22,0,6,0.29,0,0,-6,Broad Match,Mobile,Free Shipping,0.22,0,0,0,0,0,61.22,0,0
9/1/2023,1463,384,54,570,1,294,5870,-246,Broad Match,Desktop,Offer,0,0,10,0,0,10,380,1,-1
9/1/2023,3939,1321,205,1845,1.4,1678,40606.65,-166.708,Broad Match,Desktop,Promotion Code,0.34,0.16,9,0.43,-0.09,9,468.39,1.27,-0.1
9/1/2023,9759,3904,593,4949,1.27,3973,87840.47,-975.676,Square,Desktop,Discount Code,0.4,0.15,8.35,0.41,-0.2,8.35,507.12,1.02,-0.25
9/1/2023,15673,6199,1242,9163,1.48,7264,158674.1,-1899.421,Square,Desktop,Promotion Code,0.4,0.2,7.38,0.46,-0.21,7.38,584.64,1.17,-0.26
9/1/2023,1255,439,38,272,0.62,207,4232.7,-64.595,Square,Mobile,Promotion Code,0.35,0.09,7.16,0.16,-0.24,7.16,216.73,0.47,-0.31
9/1/2023,4655,1583,110,826,0.52,753,16455.92,-72.812,Broad Match,Mobile,Promotion Code,0.34,0.07,7.51,0.16,-0.09,7.51,177.44,0.48,-0.1
9/1/2023,16362,5876,302,2199,0.37,1970,44401.87,-229.336,Precise,Mobile,Coupon Code,0.36,0.05,7.28,0.12,-0.1,7.28,134.4,0.34,-0.12
9/1/2023,8679,663,24,226,0,178,4285,-42,Precise,Mobile,Sale,0,0,9,0,0,9,24,0,0
9/1/2023,560,178,7,39,0.22,12,235.27,-27.233,Precise,Mobile,Free Shipping,0.32,0.04,5.57,0.02,-0.69,5.57,69.64,0.07,-2.25
10/1/2023,649,151,25,282,1.87,165,3293.63,-117.279,Precise,Desktop,Offer,0.23,0.17,11.28,0.25,-0.41,11.28,434.51,1.09,-0.71
10/1/2023,709,208,12,45,0.22,14,309.09,-30.542,Precise,Mobile,Free Shipping,0.29,0.06,3.75,0.02,-0.69,3.75,63.47,0.07,-2.21
10/1/2023,457,99,13,35,0.36,23,469.67,-11.512,Precise,Desktop,Free Shipping,0.22,0.13,2.69,0.05,-0.34,2.69,76.59,0.23,-0.52
10/1/2023,1706,676,72,412,0.61,372,7875.81,-40.219,Square,Mobile,Promotion Code,0.4,0.11,5.72,0.22,-0.1,5.72,241.5,0.55,-0.11
10/1/2023,9619,2908,199,1476,0.51,1211,25311.15,-265.424,Broad Match,Mobile,Promotion Code,0.3,0.07,7.42,0.13,-0.18,7.42,153.45,0.42,-0.22
10/1/2023,965,280,59,422,1.51,446,9021.68,24.122,Square,Desktop,Promotion Code,0.29,0.21,7.15,0.46,0.06,7.15,437.31,1.59,0.05
10/1/2023,16527,5776,421,2225,0,2535,54424,347,Precise,Mobile,Coupon Code,0,0,5,0,0,5,140,0,0
10/1/2023,93406,36068,2444,12236,0.34,13744,285638.3,1507.685,Square,Mobile,Promotion Code,0.39,0.07,5.01,0.15,0.12,5.01,131,0.38,0.11
10/1/2023,44,12,2,8,0.67,22,431.41,13.574,Broad Match,Mobile,Competitor,0.27,0.17,4,0.5,1.75,4,181.82,1.83,0.64
10/1/2023,28102,12485,1393,7192,0.58,7955,166656.05,762.921,Square,Mobile,Discount Code,0.44,0.11,5.16,0.28,0.11,5.16,255.92,0.64,0.1
10/1/2023,100,14,3,3,0.26,4,83.2,1.161,Broad Match,Mobile,Free Shipping,0.14,0.21,1,0.04,0.33,1,30,0.29,0.25
10/1/2023,10826,4021,725,4812,1.2,4627,96617,-184.857,Square,Desktop,Discount Code,0.37,0.18,6.64,0.43,-0.04,6.64,444.49,1.15,-0.04
10/1/2023,1803,395,82,510,1,479,11243,-7,Precise,Desktop,Discount Code,0,0,6,0,0,6,270,1,0
10/1/2023,6254,2064,456,3012,1.46,3180,69872.95,168.373,Precise,Desktop,Promotion Code,0.33,0.22,6.61,0.51,0.06,6.61,481.61,1.54,0.05
10/1/2023,2524,819,82,418,0.51,535,10694.68,116.783,Broad Match,Mobile,Coupon Code,0.32,0.1,5.1,0.21,0.28,5.1,165.61,0.65,0.22
10/1/2023,7385,756,37,447,0.59,198,3967.4,-248.605,Precise,Desktop,Sale,0.1,0.05,12.08,0.03,-0.56,12.08,60.53,0.26,-1.26
10/1/2023,972,275,61,437,2,455,9195,23,Square,Desktop,Promotion Code,0,0,7,0,0,7,430,2,0
10/1/2023,1074,190,22,190,1.01,184,4345.15,-6.287,Broad Match,Desktop,Discount Code,0.18,0.12,8.64,0.17,-0.03,8.64,176.91,0.97,-0.03
10/1/2023,3223,752,43,316,0.42,498,10932.34,181.597,Broad Match,Mobile,Discount Code,0.23,0.06,7.35,0.15,0.58,7.35,98.05,0.66,0.37
10/1/2023,72,9,1,5,0.57,8,157.97,2.9,Broad Match,Desktop,Free Shipping,0.12,0.11,5,0.11,0.6,5,69.44,0.89,0.38
10/1/2023,451,93,11,111,1.2,81,1626.05,-29.694,Precise,Desktop,Competitor,0.21,0.12,10.09,0.18,-0.27,10.09,246.12,0.87,-0.37
10/1/2023,34929,15595,2193,11258,0.72,12025,252296.27,766.859,Square,Mobile,Promotion Code,0.45,0.14,5.13,0.34,0.07,5.13,322.31,0.77,0.06
10/1/2023,3023,228,14,172,0.76,108,2152.46,-64.371,Broad Match,Desktop,Sale,0.08,0.06,12.29,0.04,-0.37,12.29,56.9,0.47,-0.59
10/1/2023,4715,1397,93,615,0.44,587,12245.37,-27.854,Precise,Mobile,Discount Code,0.3,0.07,6.61,0.12,-0.05,6.61,130.43,0.42,-0.05
10/1/2023,10939,4065,761,4590,1,4815,95639,-181,Square,Desktop,Discount Code,0,0,7,0,0,6,454,1,0
10/1/2023,1770,412,79,488,1.19,481,11375.79,-7.255,Precise,Desktop,Discount Code,0.23,0.19,6.18,0.27,-0.01,6.18,275.71,1.17,-0.01
10/1/2023,5789,2510,269,1546,0.62,1889,40122.76,342.979,Square,Mobile,Discount Code,0.43,0.11,5.75,0.33,0.22,5.75,267.06,0.75,0.18
10/1/2023,3279,952,61,468,0.49,423,8585.47,-45.085,Broad Match,Mobile,Offer,0.29,0.06,7.67,0.13,-0.1,7.67,142.73,0.44,-0.11
10/1/2023,7124,748,37,452,1,207,3972,-243,Precise,Desktop,Sale,0,0,13,0,-1,13,62,0,-1
10/1/2023,24598,8693,1421,9461,1.09,8186,171724.63,-1274.747,Square,Desktop,Promotion Code,0.35,0.16,6.66,0.33,-0.13,6.66,384.62,0.94,-0.16
10/1/2023,15769,6046,440,2318,0.38,2655,55815.23,337.125,Precise,Mobile,Coupon Code,0.38,0.07,5.27,0.17,0.15,5.27,147,0.44,0.13
10/1/2023,2336,855,173,1081,1.27,1179,25104.24,97.764,Square,Desktop,Discount Code,0.37,0.2,6.25,0.5,0.09,6.25,462.76,1.38,0.08
10/1/2023,6908,1874,337,2325,1.24,2329,49148.43,4.066,Broad Match,Desktop,Promotion Code,0.27,0.18,6.9,0.34,0,6.9,336.57,1.24,0
10/1/2023,1398,361,58,407,1.13,340,7222.9,-66.82,Broad Match,Desktop,Coupon Code,0.26,0.16,7.02,0.24,-0.16,7.02,291.13,0.94,-0.2
10/1/2023,13525,5656,621,3435,0.61,3487,74522.54,51.685,Precise,Mobile,Promotion Code,0.42,0.11,5.53,0.26,0.02,5.53,253.97,0.62,0.01
10/1/2023,1426,360,55,406,1,326,7255,-69,Broad Match,Desktop,Coupon Code,0,0,7,0,0,7,304,1,0
10/1/2023,2065,427,73,499,1.17,472,9859.2,-27.457,Broad Match,Desktop,Offer,0.21,0.17,6.84,0.23,-0.05,6.84,241.65,1.11,-0.06
10/1/2023,16953,6484,1499,10080,1.55,9553,210096.13,-527.249,Square,Desktop,Promotion Code,0.38,0.23,6.72,0.56,-0.05,6.72,594.59,1.47,-0.06
10/1/2023,8454,726,26,277,0.38,115,2300.72,-161.951,Precise,Mobile,Sale,0.09,0.04,10.65,0.01,-0.58,10.65,32.77,0.16,-1.41
10/1/2023,1408,463,42,290,0.63,295,6331.84,5.253,Precise,Mobile,Offer,0.33,0.09,6.9,0.21,0.02,6.9,205.97,0.64,0.02
10/1/2023,1000,321,23,154,0.48,136,2793.15,-17.826,Precise,Mobile,Competitor,0.32,0.07,6.7,0.14,-0.12,6.7,154,0.42,-0.13
10/1/2023,5044,1555,267,1734,1.12,1654,34980.16,-79.595,Precise,Desktop,Coupon Code,0.31,0.17,6.49,0.33,-0.05,6.49,343.77,1.06,-0.05
10/1/2023,1791,392,80,476,1,479,11749,-7,Precise,Desktop,Discount Code,0,0,6,0,0,6,262,1,0
10/1/2023,4894,551,24,226,0.41,122,2612.68,-104.006,Broad Match,Mobile,Sale,0.11,0.04,9.42,0.02,-0.46,9.42,46.18,0.22,-0.85
11/1/2023,18526,5553,919,5982,1.08,6047,129556.9,64.552,Precise,Desktop,Coupon Code,0.3,0.17,6.51,0.33,0.01,6.51,322.9,1.09,0.01
11/1/2023,99258,42283,4349,24149,0.57,24071,500400.85,-77.73,Square,Mobile,Discount Code,0.43,0.1,5.55,0.24,0,5.55,243.3,0.57,0
11/1/2023,64067,23538,5782,37729,1.6,34518,725773.92,-3211.121,Square,Desktop,Promotion Code,0.37,0.25,6.53,0.54,-0.09,6.53,588.9,1.47,-0.09
11/1/2023,138811,57405,7563,43542,0.76,42440,886095.31,-1101.899,Square,Mobile,Promotion Code,0.41,0.13,5.76,0.31,-0.03,5.76,313.68,0.74,-0.03
11/1/2023,2506,708,137,1039,1.47,910,19932.69,-129.125,Square,Desktop,Promotion Code,0.28,0.19,7.58,0.36,-0.12,7.58,414.6,1.29,-0.14
11/1/2023,38523,14393,2713,18641,1.3,16555,345891.36,-2086.3,Square,Desktop,Discount Code,0.37,0.19,6.87,0.43,-0.11,6.87,483.89,1.15,-0.13
11/1/2023,10262,667,30,386,0.58,165,3302.8,-220.842,Broad Match,Desktop,Sale,0.06,0.04,12.87,0.02,-0.57,12.87,37.61,0.25,-1.34
11/1/2023,6838,1235,85,641,0.52,676,14020.86,34.512,Precise,Mobile,Offer,0.18,0.07,7.54,0.1,0.05,7.54,93.74,0.55,0.05
11/1/2023,6765,1844,88,861,0.47,573,13341.64,-288.085,Broad Match,Mobile,Coupon Code,0.27,0.05,9.78,0.08,-0.33,9.78,127.27,0.31,-0.5
11/1/2023,7254,2725,512,3182,1.17,3227,66672.29,45.468,Square,Desktop,Discount Code,0.38,0.19,6.21,0.44,0.01,6.21,438.65,1.18,0.01
11/1/2023,50422,10147,773,5764,0.57,4472,92805.77,-1291.908,Broad Match,Mobile,Promotion Code,0.2,0.08,7.46,0.09,-0.22,7.46,114.32,0.44,-0.29
11/1/2023,25592,7726,1731,10914,1.41,11223,236665.59,308.975,Precise,Desktop,Promotion Code,0.3,0.22,6.31,0.44,0.03,6.31,426.46,1.45,0.03
11/1/2023,24726,5216,277,2916,0.56,1981,42318.64,-935.295,Broad Match,Mobile,Discount Code,0.21,0.05,10.53,0.08,-0.32,10.53,117.93,0.38,-0.47
11/1/2023,1692,341,43,342,1.01,258,5309.34,-84.485,Precise,Desktop,Competitor,0.2,0.13,7.95,0.15,-0.25,7.95,202.13,0.76,-0.33
11/1/2023,276568,99526,5961,38273,0.38,32668,677188.1,-5605.297,Square,Mobile,Promotion Code,0.36,0.06,6.42,0.12,-0.15,6.42,138.39,0.33,-0.17
11/1/2023,5828,1975,214,1118,0.57,1121,22936.4,3.104,Square,Mobile,Promotion Code,0.34,0.11,5.22,0.19,0,5.22,191.83,0.57,0
11/1/2023,18275,8012,808,5651,0.71,4773,99420.38,-877.986,Square,Mobile,Discount Code,0.44,0.1,6.99,0.26,-0.16,6.99,309.22,0.6,-0.18
11/1/2023,20699,5540,320,2893,0.52,2003,44985.83,-890.164,Precise,Mobile,Discount Code,0.27,0.06,9.04,0.1,-0.31,9.04,139.77,0.36,-0.44
11/1/2023,19335,1689,85,1118,0.66,422,8962.23,-696.152,Precise,Desktop,Sale,0.09,0.05,13.15,0.02,-0.62,13.15,57.82,0.25,-1.65
11/1/2023,2760,434,71,553,1.28,496,11027.61,-56.945,Precise,Desktop,Offer,0.16,0.16,7.79,0.18,-0.1,7.79,200.36,1.14,-0.11
11/1/2023,209,31,2,7,0.23,7,147.75,0.389,Broad Match,Mobile,Free Shipping,0.15,0.06,3.5,0.03,0,3.5,33.49,0.23,0
11/1/2023,36966,14662,2622,18038,1,16473,345009,-1987,Square,Desktop,Discount Code,0,0,7,0,0,7,497,1,0
11/1/2023,31793,7159,532,5075,0.71,3260,66443.24,-1814.562,Broad Match,Mobile,Offer,0.23,0.07,9.54,0.1,-0.36,9.54,159.63,0.46,-0.56
11/1/2023,7475,1977,382,2616,1.32,2368,50293.23,-248.203,Broad Match,Desktop,Coupon Code,0.26,0.19,6.85,0.32,-0.09,6.85,349.97,1.2,-0.1
11/1/2023,17382,7644,831,5601,1,4876,98561,-854,Square,Mobile,Discount Code,0,0,7,0,0,7,322,1,0
11/1/2023,73448,25283,4080,27336,1.08,23857,497790.81,-3478.644,Square,Desktop,Promotion Code,0.34,0.16,6.7,0.32,-0.13,6.7,372.18,0.94,-0.15
11/1/2023,12209,1663,182,1600,0.96,1164,25635.15,-435.967,Broad Match,Desktop,Offer,0.14,0.11,8.79,0.1,-0.27,8.79,131.05,0.7,-0.37
11/1/2023,51335,19009,2095,12189,0.64,12145,256314.93,-44.189,Precise,Mobile,Promotion Code,0.37,0.11,5.82,0.24,0,5.82,237.44,0.64,0
11/1/2023,3662,266,24,44,0.17,160,3268.63,115.963,Precise,Mobile,Black Friday/Cyber Monday,0.07,0.09,1.83,0.04,2.64,1.83,12.02,0.6,0.72
11/1/2023,257,24,7,3,0.14,45,898.8,41.946,Precise,Desktop,Black Friday/Cyber Monday,0.09,0.29,0.43,0.18,14,0.43,11.67,1.88,0.93
11/1/2023,39649,8281,1640,10823,1.31,10223,215898.79,-600.456,Broad Match,Desktop,Promotion Code,0.21,0.2,6.6,0.26,-0.06,6.6,272.97,1.23,-0.06
11/1/2023,7365,1348,164,1315,0.98,1061,22711.98,-253.801,Precise,Desktop,Discount Code,0.18,0.12,8.02,0.14,-0.19,8.02,178.55,0.79,-0.24
11/1/2023,3279,618,52,118,0.19,93,1855.08,-25.215,Precise,Mobile,Free Shipping,0.19,0.08,2.27,0.03,-0.21,2.27,35.99,0.15,-0.27
11/1/2023,1805,354,55,134,0.38,95,2156.07,-38.959,Precise,Desktop,Free Shipping,0.2,0.16,2.44,0.05,-0.29,2.44,74.24,0.27,-0.41
11/1/2023,85,9,0,2,0.32,0,0,-2,Broad Match,Desktop,Free Shipping,0.11,0,0,0,0,0,23.53,0,0
11/1/2023,6200,975,108,1102,1.13,844,19822.4,-257.638,Broad Match,Desktop,Discount Code,0.16,0.11,10.2,0.14,-0.23,10.2,177.74,0.87,-0.31
11/1/2023,15439,2127,64,2695,1,442,8792,-2084,Precise,Mobile,Sale,0,0,40,0,-1,40,168,0,-5
11/1/2023,3155,871,54,402,0.46,268,6622.27,-134.484,Precise,Mobile,Competitor,0.28,0.06,7.44,0.08,-0.33,7.44,127.42,0.31,-0.5
11/1/2023,54501,19058,1345,9302,0.49,8134,171895.9,-1168.009,Precise,Mobile,Coupon Code,0.35,0.07,6.92,0.15,-0.13,6.92,170.68,0.43,-0.14
11/1/2023,13056,927,20,376,0.41,76,1518.51,-300.066,Broad Match,Mobile,Sale,0.07,0.02,18.8,0.01,-0.8,18.8,28.8,0.08,-3.95
11/1/2023,15422,2078,62,2597,1.25,427,8733.41,-2170.044,Precise,Mobile,Sale,0.13,0.03,41.89,0.03,-0.84,41.89,168.4,0.21,-5.08
11/1/2023,127,32,2,18,0.59,7,139.89,-11.005,Broad Match,Mobile,Competitor,0.25,0.06,9,0.06,-0.61,9,141.73,0.22,-1.57
